bucket,bucket_label,term_count,mean_gt_mean_abs_change,median_gt_mean_abs_change,mean_gt_std,median_gt_std,mean_gt_range,median_gt_range,mean_gt_nonzero_share
stable_control,Stable controls,20,4.073026315789474,3.864035087719298,11.919588839359411,11.692285381026554,41.75,38.416666666666664,0.9824999999999999
tfidf_only_drift,TF-IDF drift,15,4.514912280701754,4.605263157894737,12.09857354272968,11.119930180636128,43.37777777777777,45.91666666666667,1.0
theory_seed,Theory seeds,5,4.434210526315789,4.1315789473684195,8.048479582914823,7.868136338704638,29.566666666666663,26.833333333333336,1.0
word2vec_only_drift,Word2Vec drift,15,4.99093567251462,4.7631578947368425,16.065008409989545,17.07578085086204,56.05555555555556,59.083333333333336,0.98
