lemma,bucket,bucket_label,word2vec_rank,tfidf_rank,gt_mean_abs_change,gt_std,gt_range,gt_peak_year,gt_peak_value
juridicidade,stable_control,Stable controls,3221,1696,1.8245614035087725,2.119891735967246,8.333333333333334,2005,8.333333333333334
previdência,tfidf_only_drift,TF-IDF drift,2387,15,5.890350877192982,8.106538855900356,36.25,2019,51.5
trabalhador,tfidf_only_drift,TF-IDF drift,3135,9,2.109649122807017,4.533632036727776,17.833333333333332,2022,35.25
reforma,theory_seed,Theory seeds,3184,3,6.197368421052632,7.868136338704638,24.0,2017,59.583333333333336
intervenção,word2vec_only_drift,Word2Vec drift,95,228,2.635964912280702,3.775972556838834,15.5,2018,23.416666666666668
inédito,word2vec_only_drift,Word2Vec drift,219,2917,6.850877192982457,19.184420672195913,78.41666666666667,2022,78.41666666666667
